ID,LawyerName,Ratings,CasesWon,YearsofExperience,LawFields,Phone,Email
1,Ahmed Khan,4.6stars,78CasesWon,19YearsExperience,"Corporate Law, Intellectual Property, Employment Law",+92 300 1234567,Ahmed.Khan@example.com
2,Aisha Ali,4.7stars,85CasesWon,17YearsExperience,"Criminal Law, Family Law, Human Rights Law",+92 321 2345678,Aisha.Ali@example.com
3,Yasir Abbas,4.8stars,92CasesWon,11YearsExperience,"Civil Law, Commercial Law, Real Estate Law",+92 331 3456789,Yasir.Abbas@example.com
4,Fatima Raza,4.5stars,70CasesWon,7YearsExperience,"Intellectual Property Law, Corporate Law, Taxation Law",+92 341 4567890,Fatima.Raza@example.com
5,Zainab Ali,4.3stars,60CasesWon,1YearsExperience,"Criminal Law, Family Law, Juvenile Law",+92 332 5678901,Zainab.Ali@example.com
6,Imran Malik,4.6stars,77CasesWon,14YearsExperience,"Employment Law, Labor Law, Trade Law",+92 300 6789012,Imran.Malik@example.com
7,Nida Hassan,4.9stars,96CasesWon,13YearsExperience,"Commercial Law, Corporate Law, Mergers and Acquisitions Law",+92 321 7890123,Nida.Hassan@example.com
8,Hassan Ali,4.5stars,69CasesWon,13YearsExperience,"Taxation Law, Corporate Law, Intellectual Property Law",+92 331 8901234,Hassan.Ali@example.com
9,Sana Shah,4.7stars,81CasesWon,14YearsExperience,"Human Rights Law, Criminal Law, Family Law",+92 300 9012345,Sana.Shah@example.com
10,Saad Ahmed,4.4stars,68CasesWon,15YearsExperience,"Intellectual Property Law, Commercial Law, Employment Law",+92 321 0123456,Saad.Ahmed@example.com
11,Maryam Khan,4.8stars,88CasesWon,15YearsExperience,"Civil Law, Real Estate Law, Property Law",+92 332 1234567,Maryam.Khan@example.com
12,Faisal Malik,4.5stars,70CasesWon,11YearsExperience,"Corporate Law, Taxation Law, Intellectual Property Law",+92 331 2345678,Faisal.Malik@example.com
13,Sadia Hussain,4.6stars,75CasesWon,5YearsExperience,"Family Law, Criminal Law, Human Rights Law",+92 341 3456789,Sadia.Hussain@example.com
14,Salman Ahmed,4.3stars,62CasesWon,1YearsExperience,"Labor Law, Trade Law, Corporate Law",+92 332 4567890,Salman.Ahmed@example.com
15,Amina Ali,4.7stars,83CasesWon,15YearsExperience,"Intellectual Property Law, Commercial Law, Taxation Law",+92 300 5678901,Amina.Ali@example.com
16,Farhan Masood,4.6stars,73CasesWon,9YearsExperience,"Employment Law, Labor Law, Trade Law",92,Farhan.Masood@example.com
17,Sara Khalid,4.7stars,80CasesWon,17YearsExperience,"Human Rights Law, Criminal Law, Family Law",+92 321 6789012,Sara.Khalid@example.com
18,Ali Raza,4.4stars,65CasesWon,8YearsExperience,"Taxation Law, Corporate Law, Intellectual Property Law",+92 331 7890123,Ali.Raza@example.com
19,Ayesha Hassan,4.8stars,90CasesWon,8YearsExperience,"Civil Law, Real Estate Law, Property Law",+92 300 8901234,Ayesha.Hassan@example.com
20,Usman Ali,4.6stars,74CasesWon,16YearsExperience,"Employment Law, Labor Law, Trade Law",+92 321 9012345,Usman.Ali@example.com
21,Mahnoor Ahmed,4.5stars,70CasesWon,9YearsExperience,"Criminal Law, Family Law, Human Rights Law",+92 331 0123456,Mahnoor.Ahmed@example.com
22,Bilal Khan,4.7stars,82CasesWon,13YearsExperience,"Commercial Law, Corporate Law, Mergers and Acquisitions Law",+92 332 1234567,Bilal.Khan@example.com
23,Asma Riaz,4.4stars,64CasesWon,8YearsExperience,"Intellectual Property Law, Commercial Law, Employment Law",+92 341 2345678,Asma.Riaz@example.com
24,Adeel Siddiqui,4.9stars,98CasesWon,9YearsExperience,"Corporate Law, Intellectual Property Law, Employment Law",+92 300 3456789,Adeel.Siddiqui@example.com
25,Hina Aslam,4.6stars,76CasesWon,15YearsExperience,"Civil Law, Real Estate Law, Property Law",+92 321 4567890,Hina.Aslam@example.com
26,Shahbaz Ahmed,4.5stars,70CasesWon,4YearsExperience,"Taxation Law, Corporate Law, Intellectual Property Law",+92 331 5678901,Shahbaz.Ahmed@example.com
27,Naveed Hassan,4.7stars,84CasesWon,14YearsExperience,"Commercial Law, Corporate Law, Mergers and Acquisitions Law",+92 300 6789012,Naveed.Hassan@example.com
28,Saima Ali,4.4stars,67CasesWon,11YearsExperience,"Family Law, Criminal Law, Human Rights Law",+92 321 7890123,Saima.Ali@example.com
29,Hamza Hussain,4.6stars,72CasesWon,19YearsExperience,"Employment Law, Labor Law, Trade Law",+92 331 8901234,Hamza.Hussain@example.com
30,Zohaib Malik,4.5stars,69CasesWon,2YearsExperience,"Intellectual Property Law, Commercial Law, Employment Law",+92 300 9012345,Zohaib.Malik@example.com
31,Anam Raza,4.8stars,88CasesWon,3YearsExperience,"Civil Law, Real Estate Law, Property Law",+92 321 0123456,Anam.Raza@example.com
32,Saad Khan,4.5stars,71CasesWon,8YearsExperience,"Taxation Law, Corporate",,Saad.Khan@example.com
33,Farah Ahmed,4.7stars,85CasesWon,13YearsExperience,"Human Rights Law, Criminal Law, Family Law",+92 332 1234567,Farah.Ahmed@example.com
34,Salman Ali,4.4stars,66CasesWon,14YearsExperience,"Taxation Law, Corporate Law, Intellectual Property Law",+92 341 2345678,Salman.Ali@example.com
35,Sana Akram,4.8stars,92CasesWon,15YearsExperience,"Civil Law, Real Estate Law, Property Law",+92 300 3456789,Sana.Akram@example.com
36,Aliya Khalid,4.6stars,78CasesWon,18YearsExperience,"Employment Law, Labor Law, Trade Law",+92 321 4567890,Aliya.Khalid@example.com
37,Zainab Riaz,4.5stars,73CasesWon,12YearsExperience,"Criminal Law, Family Law, Human Rights Law",+92 331 5678901,Zainab.Riaz@example.com
38,Waqar Ali,4.7stars,86CasesWon,19YearsExperience,"Commercial Law, Corporate Law, Mergers and Acquisitions Law",+92 300 6789012,Waqar.Ali@example.com
39,Nida Ahmed,4.4stars,65CasesWon,5YearsExperience,"Intellectual Property Law, Commercial Law, Employment Law",+92 321 7890123,Nida.Ahmed@example.com
40,Qasim Siddiqui,4.9stars,99CasesWon,14YearsExperience,"Corporate Law, Intellectual Property Law, Employment Law",+92 331 8901234,Qasim.Siddiqui@example.com
41,Samia Aslam,4.6stars,77CasesWon,6YearsExperience,"Civil Law, Real Estate Law, Property Law",+92 300 9012345,Samia.Aslam@example.com
42,Kashif Ahmed,4.5stars,71CasesWon,10YearsExperience,"Taxation Law, Corporate Law, Intellectual Property Law",+92 321 0123456,Kashif.Ahmed@example.com
43,Hafiz Shahbaz,4.7stars,83CasesWon,13YearsExperience,"Commercial Law, Corporate Law, Mergers and Acquisitions Law",+92 332 1234567,Hafiz.Shahbaz@example.com
44,Nadia Hussain,4.4stars,68CasesWon,15YearsExperience,"Family Law, Criminal Law, Human Rights Law",+92 341 2345678,Nadia.Hussain@example.com
45,Tariq Malik,4.8stars,91CasesWon,1YearsExperience,"Civil Law, Real Estate Law, Property Law",+92 300 3456789,Tariq.Malik@example.com
46,Ayesha Khan,4.6stars,75CasesWon,10YearsExperience,"Employment Law, Labor Law, Trade Law",+92 321 4567890,Ayesha.Khan@example.com
47,Madiha Ali,4.5stars,72CasesWon,10YearsExperience,"Intellectual Property Law, Commercial Law, Employment Law",+92 331 5678901,Madiha.Ali@example.com
48,Asif Raza,4.7stars,87CasesWon,8YearsExperience,,,Asif.Raza@example.com
49,Amina Khawaja,4.4stars,64CasesWon,16YearsExperience,"Taxation Law, Corporate Law, Intellectual Property Law",+92 300 6789012,Amina.Khawaja@example.com
50,Imran Qureshi,4.8stars,93CasesWon,9YearsExperience,"Commercial Law, Corporate Law, Mergers and Acquisitions Law",+92 321 7890123,Imran.Qureshi@example.com
51,Hina Ali,4.6stars,76CasesWon,16YearsExperience,"Civil Law, Real Estate Law, Property Law",+92 331 8901234,Hina.Ali@example.com
52,Khalid Mahmood,4.5stars,70CasesWon,16YearsExperience,"Criminal Law, Family Law, Human Rights Law",+92 300 9012345,Khalid.Mahmood@example.com
53,Saba Khan,4.7stars,84CasesWon,3YearsExperience,"Employment Law, Labor Law, Trade Law",+92 321 0123456,Saba.Khan@example.com
54,Yasir Ali,4.4stars,67CasesWon,15YearsExperience,"Intellectual Property Law, Commercial Law, Employment Law",+92 332 1234567,Yasir.Ali@example.com
55,Ayesha Saeed,4.8stars,90CasesWon,16YearsExperience,"Corporate Law, Intellectual Property Law, Employment Law",+92 341 2345678,Ayesha.Saeed@example.com
56,Rizwan Ahmed,4.6stars,79CasesWon,2YearsExperience,"Civil Law, Real Estate Law, Property Law",+92 300 3456789,Rizwan.Ahmed@example.com
57,Abdul Qadir,4.5stars,74CasesWon,1YearsExperience,"Taxation Law, Corporate Law, Intellectual Property Law",+92 321 4567890,Abdul.Qadir@example.com
58,Sarah Khan,4.7stars,88CasesWon,15YearsExperience,"Commercial Law, Corporate Law, Mergers and Acquisitions Law",+92 331 5678901,Sarah.Khan@example.com
59,Asad Ahmed,4.4stars,63CasesWon,4YearsExperience,"Family Law, Criminal Law, Human Rights Law",+92 300 6789012,Asad.Ahmed@example.com
60,Nadir Ali,4.8stars,94CasesWon,19YearsExperience,"Civil Law, Real Estate Law, Property Law",+92 321 7890123,Nadir.Ali@example.com
61,Zara Ali,4.6stars,80CasesWon,19YearsExperience,"Employment Law, Labor Law, Trade Law",+92 331 8901234,Zara.Ali@example.com
62,Hassan Malik,4.5stars,75CasesWon,11YearsExperience,"Intellectual Property Law, Commercial Law, Employment Law",+92 300 9012345,Hassan.Malik@example.com
63,Maria Khan,4.7stars,85CasesWon,13YearsExperience,"Corporate Law, Intellectual Property Law, Employment Law",+92 321 0123456,Maria.Khan@example.com
64,Omar Sheikh,4.4stars,69CasesWon,17YearsExperience,"Taxation Law, Corporate Law, Intellectual Property",,Omar.Sheikh@example.com
65,Fatima Hassan,4.8stars,91CasesWon,13YearsExperience,"Civil Law, Real Estate Law, Property Law",+92 332 1234567,Fatima.Hassan@example.com
66,Asma Malik,4.6stars,81CasesWon,3YearsExperience,"Criminal Law, Family Law, Human Rights Law",+92 341 2345678,Asma.Malik@example.com
67,Fahad Khan,4.5stars,76CasesWon,8YearsExperience,"Employment Law, Labor Law, Trade Law",+92 300 3456789,Fahad.Khan@example.com
68,Hamza Ali,4.7stars,86CasesWon,18YearsExperience,"Commercial Law, Corporate Law, Mergers and Acquisitions Law",+92 321 4567890,Hamza.Ali@example.com
69,Nida Ahmed,4.4stars,64CasesWon,11YearsExperience,"Taxation Law, Corporate Law, Intellectual Property Law",+92 300 5678901,Nida.Ahmed@example.com
70,Ali Raza,4.8stars,95CasesWon,9YearsExperience,"Civil Law, Real Estate Law, Property Law",+92 321 6789012,Ali.Raza@example.com
71,Maham Ali,4.6stars,80CasesWon,12YearsExperience,"Employment Law, Labor Law, Trade Law",+92 331 7890123,Maham.Ali@example.com
72,Waqar Ahmed,4.5stars,76CasesWon,1YearsExperience,"Intellectual Property Law, Commercial Law, Employment Law",+92 300 8901234,Waqar.Ahmed@example.com
73,Sara Khan,4.7stars,87CasesWon,3YearsExperience,"Corporate Law, Intellectual Property Law, Employment Law",+92 321 9012345,Sara.Khan@example.com
74,Shahid Ali,4.4stars,65CasesWon,11YearsExperience,"Taxation Law, Corporate Law, Intellectual Property Law",+92 300 0123456,Shahid.Ali@example.com
75,Asadullah Khan,4.8stars,94CasesWon,1YearsExperience,"Civil Law, Real Estate Law, Property Law",+92 321 1234567,Asadullah.Khan@example.com
76,Ayesha Ahmed,4.6stars,80CasesWon,19YearsExperience,"Employment Law, Labor Law, Trade Law",+92 331 2345678,Ayesha.Ahmed@example.com
77,Muhammad Hassan,4.5stars,75CasesWon,7YearsExperience,"Intellectual Property Law, Commercial Law, Employment Law",+92 300 3456789,Muhammad.Hassan@example.com
78,Farah Malik,4.7stars,87CasesWon,1YearsExperience,"Corporate Law, Intellectual Property Law, Employment Law",+92 321 4567890,Farah.Malik@example.com
79,Ahmad Khan,4.4stars,66CasesWon,15YearsExperience,"Taxation Law, Corporate Law, Intellectual Property Law",+92 300 5678901,Ahmad.Khan@example.com
81,Sanaullah Khan,4.6stars,82CasesWon,19YearsExperience,"Criminal Law, Family Law, Human Rights Law",+92 332 7890123,Sanaullah.Khan@example.com
82,Nadia Ali,4.5stars,77CasesWon,19YearsExperience,"Employment Law, Labor Law, Trade Law",+92 300 8901234,Nadia.Ali@example.com
83,Arif Hussain,4.7stars,88CasesWon,6YearsExperience,"Commercial Law, Corporate Law, Mergers and Acquisitions Law",+92 321 9012345,Arif.Hussain@example.com
84,Saima Shahzad,4.4stars,68CasesWon,16YearsExperience,"Taxation Law, Corporate Law, Intellectual Property Law",+92 300 0123456,Saima.Shahzad@example.com
85,Hassan Ali,4.8stars,96CasesWon,10YearsExperience,"Civil Law, Real Estate Law, Property Law",+92 321 1234567,Hassan.Ali@example.com
86,Aisha Zia,4.6stars,81CasesWon,5YearsExperience,"Employment Law, Labor Law, Trade Law",+92 331 2345678,Aisha.Zia@example.com
87,Usman Aziz,4.5stars,78CasesWon,18YearsExperience,"Intellectual Property Law, Commercial Law, Employment Law",+92 300 3456789,Usman.Aziz@example.com
88,Sehrish Malik,4.7stars,89CasesWon,11YearsExperience,"Corporate Law, Intellectual Property Law, Employment Law",+92 321 4567890,Sehrish.Malik@example.com
89,Zainab Khan,4.4stars,69CasesWon,3YearsExperience,"Taxation Law, Corporate Law, Intellectual Property Law",+92 300 5678901,Zainab.Khan@example.com
90,Faisal Ali,4.8stars,97CasesWon,12YearsExperience,"Civil Law, Real Estate Law, Property Law",+92 321 6789012,Faisal.Ali@example.com
91,Maria Khalid,4.6stars,83CasesWon,1YearsExperience,"Criminal Law, Family Law, Human Rights Law",+92 332 7890123,Maria.Khalid@example.com
92,Nabeel Ahmad,4.5stars,79CasesWon,18YearsExperience,"Employment Law, Labor Law, Trade Law",+92 300 8901234,Nabeel.Ahmad@example.com
93,Asma Raza,4.7stars,90CasesWon,6YearsExperience,"Commercial Law, Corporate Law, Mergers and Acquisitions Law",+92 321 9012345,Asma.Raza@example.com
94,Madiha Khalil,4.4stars,70CasesWon,4YearsExperience,"Taxation Law, Corporate Law, Intellectual Property Law",+92 300 0123456,Madiha.Khalil@example.com
95,Azhar Ali,4.8stars,98CasesWon,19YearsExperience,"Civil Law, Real Estate Law, Property Law",+92 321 1234567,Azhar.Ali@example.com
96,Aliya Ahmed,4.6stars,84CasesWon,19YearsExperience,Employment Law,,Aliya.Ahmed@example.com
97,Saad Masood,4.5stars,80CasesWon,4YearsExperience,"Intellectual Property Law, Commercial Law, Employment Law",+92 331 2345678,Saad.Masood@example.com
98,Zohaib Hasan,4.7stars,91CasesWon,19YearsExperience,"Corporate Law, Intellectual Property Law, Employment Law",+92 300 3456789,Zohaib.Hasan@example.com
99,Rabia Iqbal,4.4stars,71CasesWon,13YearsExperience,"Taxation Law, Corporate Law, Intellectual Property Law",+92 300 5678901,Rabia.Iqbal@example.com
100,Ahmed Ali,4.8stars,99CasesWon,4YearsExperience,"Civil Law, Real Estate Law, Property Law",+92 321 6789012,Ahmed.Ali@example.com
101,Hina Ahmed,4.6stars,85CasesWon,3YearsExperience,"Criminal Law, Family Law, Human Rights Law",+92 332 7890123,Hina.Ahmed@example.com
102,Farhan Qureshi,4.5stars,81CasesWon,4YearsExperience,"Employment Law, Labor Law, Trade Law",+92 300 8901234,Farhan.Qureshi@example.com
103,Ayesha Khan,4.7stars,92CasesWon,15YearsExperience,"Commercial Law, Corporate Law, Mergers and Acquisitions Law",+92 321 9012345,Ayesha.Khan@example.com
104,Nida Hassan,4.4stars,72CasesWon,3YearsExperience,"Taxation Law, Corporate Law, Intellectual Property Law",+92 300 0123456,Nida.Hassan@example.com
105,Abdul Qadir,4.8stars,100CasesWon,8YearsExperience,"Civil Law, Real Estate Law, Property Law",+92 321 1234567,Abdul.Qadir@example.com
106,Humaira Ali,4.6stars,86CasesWon,3YearsExperience,"Employment Law, Labor Law, Trade Law",+92 331 2345678,Humaira.Ali@example.com
107,Shahid Riaz,4.5stars,82CasesWon,8YearsExperience,"Intellectual Property Law, Commercial Law, Employment Law",+92 300 3456789,Shahid.Riaz@example.com
108,Rida Arshad,4.7stars,93CasesWon,14YearsExperience,"Corporate Law, Intellectual Property Law, Employment Law",+92 321 4567890,Rida.Arshad@example.com
109,Hamza Ali,4.4stars,73CasesWon,19YearsExperience,"Taxation Law, Corporate Law, Intellectual Property Law",+92 300 5678901,Hamza.Ali@example.com
110,Amna Shah,4.8stars,101CasesWon,5YearsExperience,"Civil Law, Real Estate Law, Property Law",+92 321 6789012,Amna.Shah@example.com
111,Khalid Mahmood,4.6stars,87CasesWon,11YearsExperience,"Criminal Law, Family Law, Human Rights Law",+92 332 7890123,Khalid.Mahmood@example.com
112,Asad Ali,4.5stars,83CasesWon,16YearsExperience,"Employment Law, Labor Law, Trade",,Asad.Ali@example.com
113,Ayesha Naseer,4.4stars,74CasesWon,8YearsExperience,"Taxation Law, Corporate Law, Intellectual Property Law",+92 300 8901234,Ayesha.Naseer@example.com
114,Madiha Imran,4.8stars,102CasesWon,7YearsExperience,"Civil Law, Real Estate Law, Property Law",+92 321 9012345,Madiha.Imran@example.com
115,Shahid Ali,4.6stars,88CasesWon,17YearsExperience,"Employment Law, Labor Law, Trade Law",+92 300 0123456,Shahid.Ali@example.com
116,Sanaullah Khan,4.5stars,84CasesWon,19YearsExperience,"Intellectual Property Law, Commercial Law, Employment Law",+92 321 1234567,Sanaullah.Khan@example.com
117,Ayesha Khalid,4.7stars,94CasesWon,13YearsExperience,"Corporate Law, Intellectual Property Law, Employment Law",+92 331 2345678,Ayesha.Khalid@example.com
118,Zahid Hussain,4.4stars,75CasesWon,16YearsExperience,"Taxation Law, Corporate Law, Intellectual Property Law",+92 300 3456789,Zahid.Hussain@example.com
119,Maria Khan,4.8stars,103CasesWon,5YearsExperience,"Civil Law, Real Estate Law, Property Law",+92 300 5678901,Maria.Khan@example.com
120,Mohammad Ali,4.6stars,89CasesWon,9YearsExperience,"Criminal Law, Family Law, Human Rights Law",+92 321 6789012,Mohammad.Ali@example.com
121,Shehzad Ahmed,4.5stars,85CasesWon,8YearsExperience,"Employment Law, Labor Law, Trade Law",+92 332 7890123,Shehzad.Ahmed@example.com
122,Anam Malik,4.7stars,95CasesWon,3YearsExperience,"Commercial Law, Corporate Law, Mergers and Acquisitions Law",+92 300 8901234,Anam.Malik@example.com
123,Naeem Akhtar,4.4stars,76CasesWon,14YearsExperience,"Taxation Law, Corporate Law, Intellectual Property Law",+92 321 9012345,Naeem.Akhtar@example.com
124,Sobia Khan,4.8stars,104CasesWon,3YearsExperience,"Civil Law, Real Estate Law, Property Law",+92 300 0123456,Sobia.Khan@example.com
125,Ali Raza,4.6stars,90CasesWon,10YearsExperience,"Employment Law, Labor Law, Trade Law",+92 321 1234567,Ali.Raza@example.com
126,Hira Ahmed,4.5stars,86CasesWon,11YearsExperience,"Intellectual Property Law, Commercial Law, Employment Law",+92 331 2345678,Hira.Ahmed@example.com
127,Imran Qureshi,4.7stars,96CasesWon,2YearsExperience,"Corporate Law, Intellectual Property Law, Employment Law",+92 300 3456789,Imran.Qureshi@example.com
128,Yasir Ali,4.4stars,77CasesWon,11YearsExperience,"Taxation Law, Corporate Law",,Yasir.Ali@example.com
129,Ayesha Ahmed,4.8stars,105CasesWon,4YearsExperience,"Civil Law, Real Estate Law, Property Law",+92 300 5678901,Ayesha.Ahmed@example.com
130,Salman Aslam,4.6stars,91CasesWon,2YearsExperience,"Criminal Law, Family Law, Human Rights Law",+92 321 6789012,Salman.Aslam@example.com
131,Sarah Khan,4.5stars,87CasesWon,17YearsExperience,"Employment Law, Labor Law, Trade Law",+92 332 7890123,Sarah.Khan@example.com
132,Waqar Hussain,4.7stars,97CasesWon,18YearsExperience,"Commercial Law, Corporate Law, Mergers and Acquisitions Law",+92 300 8901234,Waqar.Hussain@example.com
133,Kamran Ali,4.4stars,78CasesWon,16YearsExperience,"Taxation Law, Corporate Law, Intellectual Property Law",+92 321 9012345,Kamran.Ali@example.com
134,Sana Shah,4.8stars,106CasesWon,1YearsExperience,"Civil Law, Real Estate Law, Property Law",+92 300 0123456,Sana.Shah@example.com
135,Ahmed Qureshi,4.6stars,92CasesWon,6YearsExperience,"Employment Law, Labor Law, Trade Law",+92 321 1234567,Ahmed.Qureshi@example.com
136,Nida Khan,4.5stars,88CasesWon,13YearsExperience,"Intellectual Property Law, Commercial Law, Employment Law",+92 331 2345678,Nida.Khan@example.com
137,Abdul Basit,4.7stars,98CasesWon,2YearsExperience,"Corporate Law, Intellectual Property Law, Employment Law",+92 300 3456789,Abdul.Basit@example.com
138,Sadia Ali,4.4stars,79CasesWon,5YearsExperience,"Taxation Law, Corporate Law, Intellectual Property Law",+92 300 4567890,Sadia.Ali@example.com
139,Hassan Ahmad,4.8stars,107CasesWon,2YearsExperience,"Civil Law, Real Estate Law, Property Law",+92 300 5678901,Hassan.Ahmad@example.com
140,Aqsa Malik,4.6stars,93CasesWon,15YearsExperience,"Criminal Law, Family Law, Human Rights Law",+92 321 6789012,Aqsa.Malik@example.com
141,Farhan Ahmed,4.5stars,89CasesWon,11YearsExperience,"Employment Law, Labor Law, Trade Law",+92 332 7890123,Farhan.Ahmed@example.com
142,Nazia Khan,4.7stars,99CasesWon,13YearsExperience,"Commercial Law, Corporate Law, Mergers and Acquisitions Law",+92 300 8901234,Nazia.Khan@example.com
143,Aliya Malik,4.4stars,80CasesWon,10YearsExperience,"Taxation Law, Corporate Law, Intellectual Property Law",+92 321 9012345,Aliya.Malik@example.com
144,Saad Ali,4.8stars,108CasesWon,11YearsExperience,"Civil Law, Real Estate Law, Property Law",,Saad.Ali@example.com
145,Imran Javed,4.7stars,96CasesWon,8YearsExperience,"Corporate Law, Intellectual Property Law, Employment Law",+92 300 0123456,Imran.Javed@example.com
146,Rabia Ali,4.5stars,90CasesWon,8YearsExperience,"Intellectual Property Law, Commercial Law, Employment Law",+92 321 1234567,Rabia.Ali@example.com
147,Ali Hassan,4.4stars,81CasesWon,12YearsExperience,"Taxation Law, Corporate Law, Intellectual Property Law",+92 331 2345678,Ali.Hassan@example.com
148,Umer Shahzad,4.8stars,109CasesWon,10YearsExperience,"Civil Law, Real Estate Law, Property Law",+92 300 3456789,Umer.Shahzad@example.com
149,Ayesha Riaz,4.6stars,94CasesWon,4YearsExperience,"Criminal Law, Family Law, Human Rights Law",+92 300 4567890,Ayesha.Riaz@example.com
150,Ahmed Khan,4.5stars,91CasesWon,1YearsExperience,"Employment Law, Labor Law, Trade Law",+92 300 5678901,Ahmed.Khan@example.com
151,Hafiz Usman,4.7stars,97CasesWon,10YearsExperience,"Commercial Law, Corporate Law, Mergers and Acquisitions Law",+92 321 6789012,Hafiz.Usman@example.com
152,Farhat Abbas,4.4stars,82CasesWon,6YearsExperience,"Taxation Law, Corporate Law, Intellectual Property Law",+92 332 7890123,Farhat.Abbas@example.com
153,Nida Ahmad,4.8stars,110CasesWon,16YearsExperience,"Civil Law, Real Estate Law, Property Law",+92 300 8901234,Nida.Ahmad@example.com
154,Aliya Riaz,4.6stars,95CasesWon,17YearsExperience,"Criminal Law, Family Law, Human Rights Law",+92 321 9012345,Aliya.Riaz@example.com
155,Asim Javed,4.5stars,92CasesWon,10YearsExperience,"Employment Law, Labor Law, Trade Law",+92 331 0123456,Asim.Javed@example.com
156,Rida Malik,4.7stars,98CasesWon,3YearsExperience,"Commercial Law, Corporate Law, Mergers and Acquisitions Law",+92 300 1234567,Rida.Malik@example.com
157,Hamid Ali,4.4stars,83CasesWon,3YearsExperience,"Taxation Law, Corporate Law, Intellectual Property Law",+92 321 2345678,Hamid.Ali@example.com
158,Sana Khan,4.8stars,111CasesWon,11YearsExperience,"Civil Law, Real Estate Law, Property Law",+92 332 3456789,Sana.Khan@example.com
159,Ayesha Shah,4.6stars,96CasesWon,6YearsExperience,"Criminal Law, Family Law, Human Rights Law",+92 300 4567890,Ayesha.Shah@example.com
160,Uzma Akhtar,4.5stars,93CasesWon,17YearsExperience,"Employment Law,",,Uzma.Akhtar@example.com
161,Waseem Abbas,4.3stars,76CasesWon,10YearsExperience,"Banking Law, Corporate Law, Taxation Law",+92 331 5678901,Waseem.Abbas@example.com
162,Ayesha Aslam,4.6stars,95CasesWon,10YearsExperience,"Family Law, Divorce Law, Child Custody Law",+92 300 6789012,Ayesha.Aslam@example.com
163,Fahad Raza,4.4stars,84CasesWon,2YearsExperience,"Immigration Law, Employment Law, Human Rights Law",+92 332 7890123,Fahad.Raza@example.com
164,Hina Khan,4.7stars,99CasesWon,8YearsExperience,"Contract Law, Commercial Law, Intellectual Property Law",+92 300 8901234,Hina.Khan@example.com
165,Khalid Ali,4.5stars,94CasesWon,9YearsExperience,"Labor Law, Employment Law, Trade Law",+92 321 9012345,Khalid.Ali@example.com
166,Madiha Ahmed,4.8stars,112CasesWon,5YearsExperience,"Real Estate Law, Property Law, Construction Law",+92 300 0123456,Madiha.Ahmed@example.com
167,Naeem Hassan,4.6stars,97CasesWon,15YearsExperience,"Criminal Law, Human Rights Law, Family Law",+92 321 1234567,Naeem.Hassan@example.com
168,Rabia Farooq,4.3stars,77CasesWon,5YearsExperience,"Taxation Law, Corporate Law, Banking Law",+92 331 2345678,Rabia.Farooq@example.com
169,Saima Saleem,4.7stars,100CasesWon,13YearsExperience,"Commercial Law, Contract Law, Intellectual Property Law",+92 300 3456789,Saima.Saleem@example.com
170,Tariq Mehmood,4.5stars,95CasesWon,7YearsExperience,"Labor Law, Employment Law, Trade Law",+92 300 4567890,Tariq.Mehmood@example.com
171,Waqar Ahmed,4.8stars,113CasesWon,14YearsExperience,"Real Estate Law, Property Law, Construction Law",+92 300 5678901,Waqar.Ahmed@example.com
172,Yasir Khan,4.6stars,98CasesWon,17YearsExperience,"Criminal Law, Human Rights Law, Family Law",+92 321 6789012,Yasir.Khan@example.com
173,Zainab Ali,4.3stars,78CasesWon,8YearsExperience,"Taxation Law, Corporate Law, Banking Law",+92 332 7890123,Zainab.Ali@example.com
174,Aamir Malik,4.7stars,101CasesWon,10YearsExperience,"Commercial Law, Contract Law, Intellectual Property Law",+92 300 8901234,Aamir.Malik@example.com
175,Farah Naz,4.5stars,96CasesWon,10YearsExperience,"Labor Law, Employment Law, Trade Law",+92 321 9012345,Farah.Naz@example.com
176,Ghulam Abbas,4.8stars,114CasesWon,19YearsExperience,"Real Estate Law, Property Law",,Ghulam.Abbas@example.com
177,Hafsa Ali,4.6stars,99CasesWon,6YearsExperience,"Criminal Law, Human Rights Law, Family Law",+92 332 0123456,Hafsa.Ali@example.com
178,Imran Ahmed,4.4stars,85CasesWon,2YearsExperience,"Immigration Law, Employment Law, Human Rights Law",+92 321 1234567,Imran.Ahmed@example.com
179,Jawad Hussain,4.7stars,102CasesWon,18YearsExperience,"Commercial Law, Contract Law, Intellectual Property Law",+92 300 2345678,Jawad.Hussain@example.com
180,Kiran Arif,4.5stars,97CasesWon,7YearsExperience,"Labor Law, Employment Law, Trade Law",+92 331 3456789,Kiran.Arif@example.com
181,Maha Qureshi,4.8stars,115CasesWon,10YearsExperience,"Real Estate Law, Property Law, Construction Law",+92 300 4567890,Maha.Qureshi@example.com
182,Nadeem Akhtar,4.6stars,100CasesWon,2YearsExperience,"Criminal Law, Human Rights Law, Family Law",+92 321 5678901,Nadeem.Akhtar@example.com
183,Omar Farooq,4.3stars,79CasesWon,17YearsExperience,"Taxation Law, Corporate Law, Banking Law",+92 332 6789012,Omar.Farooq@example.com
184,Parveen Akhtar,4.7stars,103CasesWon,8YearsExperience,"Commercial Law, Contract Law, Intellectual Property Law",+92 300 7890123,Parveen.Akhtar@example.com
185,Qasim Ali,4.5stars,98CasesWon,10YearsExperience,"Labor Law, Employment Law, Trade Law",+92 321 8901234,Qasim.Ali@example.com
186,Rida Fatima,4.8stars,116CasesWon,10YearsExperience,"Real Estate Law, Property Law, Construction Law",+92 300 9012345,Rida.Fatima@example.com
187,Saba Khalid,4.6stars,101CasesWon,18YearsExperience,"Criminal Law, Human Rights Law, Family Law",+92 321 0123456,Saba.Khalid@example.com
188,Tahir Mehmood,4.4stars,86CasesWon,12YearsExperience,"Immigration Law, Employment Law, Human Rights Law",+92 331 1234567,Tahir.Mehmood@example.com
189,Umar Amin,4.7stars,104CasesWon,1YearsExperience,"Commercial Law, Contract Law, Intellectual Property Law",+92 300 2345678,Umar.Amin@example.com
190,Wajid Ali,4.5stars,99CasesWon,14YearsExperience,"Labor Law, Employment Law, Trade Law",+92 331 3456789,Wajid.Ali@example.com
191,Xena Khan,4.8stars,117CasesWon,19YearsExperience,"Real Estate Law, Property Law, Construction Law",+92 300 4567890,Xena.Khan@example.com
192,Yousaf Shah,4.6stars,102CasesWon,10YearsExperience,"Criminal Law, Human Rights Law, Family Law",,Yousaf.Shah@example.com
193,Zahid Ali,4.5stars,98CasesWon,16YearsExperience,"Criminal Law, Civil Law, Family Law",+92 321 5678901,Zahid.Ali@example.com
194,Ali Hassan,4.6stars,105CasesWon,1YearsExperience,"Commercial Law, Contract Law, Intellectual Property Law",+92 332 6789012,Ali.Hassan@example.com
195,Babar Khan,4.3stars,80CasesWon,3YearsExperience,"Taxation Law, Corporate Law, Banking Law",+92 300 7890123,Babar.Khan@example.com
196,Faizan Ahmed,4.8stars,118CasesWon,2YearsExperience,"Real Estate Law, Property Law, Construction Law",+92 321 8901234,Faizan.Ahmed@example.com
197,Ghulam Ali,4.7stars,103CasesWon,2YearsExperience,"Criminal Law, Human Rights Law, Family Law",+92 300 9012345,Ghulam.Ali@example.com
198,Hammad Khan,4.5stars,99CasesWon,4YearsExperience,"Immigration Law, Employment Law, Human Rights Law",+92 321 0123456,Hammad.Khan@example.com
199,Iqra Anwar,4.6stars,106CasesWon,7YearsExperience,"Commercial Law, Contract Law, Intellectual Property Law",+92 331 1234567,Iqra.Anwar@example.com
200,Javed Akhtar,4.4stars,87CasesWon,10YearsExperience,"Criminal Law, Civil Law, Family Law",+92 300 2345678,Javed.Akhtar@example.com
201,Kamran Ali,4.7stars,104CasesWon,15YearsExperience,"Corporate Law, Securities Law, Mergers and Acquisitions Law",+92 321 3456789,Kamran.Ali@example.com
202,Lubna Khan,4.5stars,100CasesWon,4YearsExperience,"Intellectual Property Law, Patent Law, Trademark Law",+92 332 4567890,Lubna.Khan@example.com
203,Muhammad Ali,4.8stars,119CasesWon,3YearsExperience,"Real Estate Law, Property Law, Construction Law",+92 300 5678901,Muhammad.Ali@example.com
204,Nabeel Hassan,4.6stars,107CasesWon,18YearsExperience,"Commercial Law, Contract Law, Intellectual Property Law",+92 321 6789012,Nabeel.Hassan@example.com
205,Omar Ali,4.3stars,81CasesWon,3YearsExperience,"Taxation Law, Corporate Law, Banking Law",+92 332 7890123,Omar.Ali@example.com
206,Pervaiz Ahmed,4.7stars,105CasesWon,18YearsExperience,"Criminal Law, Human Rights Law, Family Law",+92 300 8901234,Pervaiz.Ahmed@example.com
207,Qasim Khan,4.5stars,101CasesWon,18YearsExperience,"Immigration Law, Employment Law, Human Rights Law",+92 321 9012345,Qasim.Khan@example.com
208,Rameez Ahmed,4.6stars,108CasesWon,17YearsExperience,"Commercial Law, Contract Law, Intellectual Property Law",92,Rameez.Ahmed@example.com
209,Saima Akhtar,4.4stars,88CasesWon,6YearsExperience,"Criminal Law, Civil Law, Family Law",+92 300 0123456,Saima.Akhtar@example.com
210,Tariq Mahmood,4.7stars,106CasesWon,19YearsExperience,"Corporate Law, Securities Law, Mergers and Acquisitions Law",+92 321 1234567,Tariq.Mahmood@example.com
211,Umar Farooq,4.5stars,102CasesWon,18YearsExperience,"Intellectual Property Law, Patent Law, Trademark Law",+92 332 2345678,Umar.Farooq@example.com
212,Vicky Khan,4.8stars,120CasesWon,13YearsExperience,"Real Estate Law, Property Law, Construction Law",+92 321 3456789,Vicky.Khan@example.com
213,Waqar Ahmed,4.6stars,109CasesWon,9YearsExperience,"Commercial Law, Contract Law, Intellectual Property Law",+92 332 4567890,Waqar.Ahmed@example.com
214,Xaher Ali,4.3stars,82CasesWon,6YearsExperience,"Taxation Law, Corporate Law, Banking Law",+92 300 5678901,Xaher.Ali@example.com
215,Yasir Khan,4.7stars,107CasesWon,10YearsExperience,"Criminal Law, Human Rights Law, Family Law",+92 321 6789012,Yasir.Khan@example.com
216,Zahra Ali,4.5stars,103CasesWon,5YearsExperience,"Immigration Law, Employment Law, Human Rights Law",+92 332 7890123,Zahra.Ali@example.com
217,Abdul Rahman,4.6stars,110CasesWon,10YearsExperience,"Commercial Law, Contract Law, Intellectual Property Law",+92 300 8901234,Abdul.Rahman@example.com
218,Bilal Hassan,4.8stars,121CasesWon,6YearsExperience,"Real Estate Law, Property Law, Construction Law",+92 321 9012345,Bilal.Hassan@example.com
219,Danish Ahmed,4.6stars,111CasesWon,10YearsExperience,"Commercial Law, Contract Law, Intellectual Property Law",+92 332 0123456,Danish.Ahmed@example.com
220,Emaan Farooq,4.4stars,89CasesWon,9YearsExperience,"Criminal Law, Civil Law, Family Law",+92 300 1234567,Emaan.Farooq@example.com
221,Farhan Ahmed,4.7stars,108CasesWon,6YearsExperience,"Corporate Law, Securities Law, Mergers and Acquisitions Law",+92 321 2345678,Farhan.Ahmed@example.com
222,Gulzar Khan,4.5stars,104CasesWon,15YearsExperience,"Intellectual Property Law, Patent Law, Trademark Law",+92 332 3456789,Gulzar.Khan@example.com
223,Hassan Ali,4.8stars,122CasesWon,12YearsExperience,"Real Estate Law, Property Law, Construction Law",+92 300 4567890,Hassan.Ali@example.com
224,Iqbal Hussain,4.6stars,112CasesWon,7YearsExperience,"Commercial Law, Contract Law,",,Iqbal.Hussain@example.com
225,Javed Iqbal,4.5stars,105CasesWon,12YearsExperience,"Intellectual Property Law, Patent Law, Trademark Law",+92 332 5678901,Javed.Iqbal@example.com
226,Kamran Ali,4.3stars,83CasesWon,2YearsExperience,"Taxation Law, Corporate Law, Banking Law",+92 300 6789012,Kamran.Ali@example.com
227,Laiba Khan,4.7stars,109CasesWon,10YearsExperience,"Criminal Law, Human Rights Law, Family Law",+92 321 7890123,Laiba.Khan@example.com
228,Muhammad Abdullah,4.6stars,110CasesWon,12YearsExperience,"Commercial Law, Contract Law, Intellectual Property Law",+92 300 8901234,Muhammad.Abdullah@example.com
229,Naeem Ahmad,4.8stars,123CasesWon,17YearsExperience,"Real Estate Law, Property Law, Construction Law",+92 321 9012345,Naeem.Ahmad@example.com
230,Omar Khalid,4.6stars,111CasesWon,15YearsExperience,"Commercial Law, Contract Law, Intellectual Property Law",+92 332 0123456,Omar.Khalid@example.com
231,Parveen Akhtar,4.4stars,90CasesWon,5YearsExperience,"Criminal Law, Civil Law, Family Law",+92 300 1234567,Parveen.Akhtar@example.com
232,Qasim Khan,4.7stars,109CasesWon,6YearsExperience,"Corporate Law, Securities Law, Mergers and Acquisitions Law",+92 321 2345678,Qasim.Khan@example.com
233,Rizwan Ali,4.5stars,105CasesWon,7YearsExperience,"Intellectual Property Law, Patent Law, Trademark Law",+92 332 3456789,Rizwan.Ali@example.com
234,Saad Mahmood,4.8stars,124CasesWon,12YearsExperience,"Real Estate Law, Property Law, Construction Law",+92 300 4567890,Saad.Mahmood@example.com
235,Taimoor Ahmed,4.6stars,112CasesWon,7YearsExperience,"Commercial Law, Contract Law, Intellectual Property Law",+92 332 5678901,Taimoor.Ahmed@example.com
236,Uzair Khan,4.5stars,106CasesWon,3YearsExperience,"Intellectual Property Law, Patent Law, Trademark Law",+92 300 6789012,Uzair.Khan@example.com
237,Vaseem Ahmed,4.7stars,110CasesWon,9YearsExperience,"Criminal Law, Human Rights Law, Family Law",+92 321 7890123,Vaseem.Ahmed@example.com
238,Wajahat Ali,4.6stars,113CasesWon,3YearsExperience,"Commercial Law, Contract Law, Intellectual Property Law",+92 332 8901234,Wajahat.Ali@example.com
239,Xahid Hussain,4.8stars,125CasesWon,16YearsExperience,"Real Estate Law, Property Law, Construction Law",+92 321 9012345,Xahid.Hussain@example.com
240,Yousaf Khan,4.6stars,113CasesWon,7YearsExperience,"Commercial Law,",,Yousaf.Khan@example.com
241,Aamir Mehmood,4.5stars,105CasesWon,9YearsExperience,"Intellectual Property Law, Patent Law, Trademark Law",+92 332 0123456,Aamir.Mehmood@example.com
242,Babar Ali,4.3stars,83CasesWon,6YearsExperience,"Taxation Law, Corporate Law, Banking Law",+92 300 1234567,Babar.Ali@example.com
243,Chaudhry Ahmed,4.7stars,109CasesWon,1YearsExperience,"Criminal Law, Human Rights Law, Family Law",+92 321 2345678,Chaudhry.Ahmed@example.com
244,Danish Ali,4.6stars,110CasesWon,8YearsExperience,"Commercial Law, Contract Law, Intellectual Property Law",+92 332 3456789,Danish.Ali@example.com
245,Ehsan Malik,4.8stars,123CasesWon,10YearsExperience,"Real Estate Law, Property Law, Construction Law",+92 300 4567890,Ehsan.Malik@example.com
246,Farhan Khan,4.6stars,111CasesWon,2YearsExperience,"Commercial Law, Contract Law, Intellectual Property Law",+92 332 5678901,Farhan.Khan@example.com
247,Gulzar Ahmad,4.4stars,90CasesWon,5YearsExperience,"Criminal Law, Civil Law, Family Law",+92 300 6789012,Gulzar.Ahmad@example.com
248,Hassan Ali,4.7stars,109CasesWon,7YearsExperience,"Corporate Law, Securities Law, Mergers and Acquisitions Law",+92 321 7890123,Hassan.Ali@example.com
249,Imran Khalid,4.5stars,105CasesWon,13YearsExperience,"Intellectual Property Law, Patent Law, Trademark Law",+92 332 8901234,Imran.Khalid@example.com
250,Jahanzeb Khan,4.8stars,124CasesWon,4YearsExperience,"Real Estate Law, Property Law, Construction Law",+92 300 9012345,Jahanzeb.Khan@example.com
251,Kashif Ali,4.6stars,112CasesWon,9YearsExperience,"Commercial Law, Contract Law, Intellectual Property Law",+92 332 0123456,Kashif.Ali@example.com
252,Liaquat Ali,4.5stars,106CasesWon,7YearsExperience,"Intellectual Property Law, Patent Law, Trademark Law",+92 300 1234567,Liaquat.Ali@example.com
253,Mazhar Iqbal,4.7stars,110CasesWon,15YearsExperience,"Criminal Law, Human Rights Law, Family Law",+92 321 2345678,Mazhar.Iqbal@example.com
254,Naseer Ahmed,4.6stars,113CasesWon,10YearsExperience,"Commercial Law, Contract Law, Intellectual Property Law",+92 332 3456789,Naseer.Ahmed@example.com
255,Osama Ahmed,4.8stars,125CasesWon,6YearsExperience,"Real Estate Law, Property Law, Construction Law",+92 321 4567890,Osama.Ahmed@example.com
256,Parvez Khan,4.6stars,113CasesWon,10YearsExperience,"Commercial Law, Contract Law, Intellectual",,Parvez.Khan@example.com
257,Qaiser Ali,4.5stars,107CasesWon,16YearsExperience,"Intellectual Property Law, Patent Law, Trademark Law",+92 332 5678901,Qaiser.Ali@example.com
258,Rana Muhammad,4.4stars,89CasesWon,5YearsExperience,"Criminal Law, Civil Law, Family Law",+92 300 6789012,Rana.Muhammad@example.com
259,Saeed Ahmed,4.7stars,111CasesWon,8YearsExperience,"Corporate Law, Securities Law, Mergers and Acquisitions Law",+92 321 7890123,Saeed.Ahmed@example.com
260,Tahir Ali,4.5stars,107CasesWon,14YearsExperience,"Intellectual Property Law, Patent Law, Trademark Law",+92 332 8901234,Tahir.Ali@example.com
261,Umar Farooq,4.8stars,126CasesWon,10YearsExperience,"Real Estate Law, Property Law, Construction Law",+92 300 9012345,Umar.Farooq@example.com
262,Vaqar Ahmed,4.6stars,114CasesWon,7YearsExperience,"Commercial Law, Contract Law, Intellectual Property Law",+92 332 0123456,Vaqar.Ahmed@example.com
263,Waseem Akram,4.5stars,108CasesWon,9YearsExperience,"Intellectual Property Law, Patent Law, Trademark Law",+92 300 1234567,Waseem.Akram@example.com
264,Xahid Hussain,4.7stars,111CasesWon,11YearsExperience,"Criminal Law, Human Rights Law, Family Law",+92 321 2345678,Xahid.Hussain@example.com
265,Yasir Ali,4.6stars,114CasesWon,1YearsExperience,"Commercial Law, Contract Law, Intellectual Property Law",+92 332 3456789,Yasir.Ali@example.com
266,Zahid Khan,4.8stars,127CasesWon,13YearsExperience,"Real Estate Law, Property Law, Construction Law",+92 321 4567890,Zahid.Khan@example.com
267,Ahmed Shah,4.6stars,114CasesWon,18YearsExperience,"Commercial Law, Contract Law, Intellectual Property Law",+92 332 5678901,Ahmed.Shah@example.com
268,Bilal Khan,4.5stars,109CasesWon,19YearsExperience,"Intellectual Property Law, Patent Law, Trademark Law",+92 300 6789012,Bilal.Khan@example.com
269,Chaudhry Abdullah,4.7stars,112CasesWon,13YearsExperience,"Corporate Law, Securities Law, Mergers and Acquisitions Law",+92 321 7890123,Chaudhry.Abdullah@example.com
270,Danish Azam,4.5stars,109CasesWon,12YearsExperience,"Intellectual Property Law, Patent Law, Trademark Law",+92 332 8901234,Danish.Azam@example.com
271,Ehsanullah Khan,4.8stars,128CasesWon,16YearsExperience,"Real Estate Law, Property Law, Construction Law",+92 300 9012345,Ehsanullah.Khan@example.com
273,Ghulam Abbas,4.5stars,109CasesWon,10YearsExperience,"Intellectual Property Law, Patent Law, Trademark Law",+92 332 0123456,Ghulam.Abbas@example.com
274,Hamid Ali,4.6stars,115CasesWon,3YearsExperience,"Commercial Law, Contract Law, Intellectual Property Law",+92 300 1234567,Hamid.Ali@example.com
275,Imran Ahmed,4.7stars,112CasesWon,1YearsExperience,"Criminal Law, Human Rights Law, Family Law",+92 321 2345678,Imran.Ahmed@example.com
276,Javed Akhtar,4.8stars,129CasesWon,1YearsExperience,"Real Estate Law, Property Law, Construction Law",+92 332 3456789,Javed.Akhtar@example.com
277,Khawar Ali,4.6stars,115CasesWon,6YearsExperience,"Commercial Law, Contract Law, Intellectual Property Law",+92 321 4567890,Khawar.Ali@example.com
278,Liaqat Ali,4.5stars,109CasesWon,16YearsExperience,"Intellectual Property Law, Patent Law, Trademark Law",+92 332 5678901,Liaqat.Ali@example.com
279,Majid Ali,4.4stars,90CasesWon,11YearsExperience,"Criminal Law, Civil Law, Family Law",+92 300 6789012,Majid.Ali@example.com
280,Nadeem Ahmed,4.7stars,113CasesWon,10YearsExperience,"Corporate Law, Securities Law, Mergers and Acquisitions Law",+92 321 7890123,Nadeem.Ahmed@example.com
281,Omar Khayyam,4.5stars,109CasesWon,7YearsExperience,"Intellectual Property Law, Patent Law, Trademark Law",+92 332 8901234,Omar.Khayyam@example.com
282,Pervaiz Ahmed,4.8stars,130CasesWon,7YearsExperience,"Real Estate Law, Property Law, Construction Law",+92 300 9012345,Pervaiz.Ahmed@example.com
283,Qamar Ali,4.6stars,116CasesWon,5YearsExperience,"Commercial Law, Contract Law, Intellectual Property Law",+92 332 0123456,Qamar.Ali@example.com
284,Raza Ali,4.5stars,110CasesWon,1YearsExperience,"Intellectual Property Law, Patent Law, Trademark Law",+92 300 1234567,Raza.Ali@example.com
285,Shahid Abbas,4.7stars,113CasesWon,2YearsExperience,"Criminal Law, Human Rights Law, Family Law",+92 321 2345678,Shahid.Abbas@example.com
286,Tariq Ali,4.8stars,131CasesWon,13YearsExperience,"Real Estate Law, Property Law, Construction Law",+92 332 3456789,Tariq.Ali@example.com
287,Umer Farooq,4.6stars,116CasesWon,15YearsExperience,"Commercial Law, Contract Law, Intellectual Property Law",+92 321 4567890,Umer.Farooq@example.com
289,Abdul Khaliq,4.3stars,85CasesWon,11YearsExperience,"Criminal Law, Civil Law, Family Law",+92 332 5678901,Abdul.Khaliq@example.com
290,Bilal Ahmed,4.7stars,114CasesWon,14YearsExperience,"Corporate Law, Securities Law, Mergers and Acquisitions Law",+92 300 6789012,Bilal.Ahmed@example.com
291,Danish Ali,4.5stars,111CasesWon,10YearsExperience,"Intellectual Property Law, Patent Law, Trademark Law",+92 321 7890123,Danish.Ali@example.com
292,Ejaz Ahmed,4.8stars,132CasesWon,10YearsExperience,"Real Estate Law, Property Law, Construction Law",+92 332 8901234,Ejaz.Ahmed@example.com
293,Farhan Ahmed,4.6stars,117CasesWon,5YearsExperience,"Commercial Law, Contract Law, Intellectual Property Law",+92 300 9012345,Farhan.Ahmed@example.com
294,Ghazanfar Ali,4.5stars,111CasesWon,12YearsExperience,"Intellectual Property Law, Patent Law, Trademark Law",+92 332 0123456,Ghazanfar.Ali@example.com
295,Hassan Raza,4.7stars,114CasesWon,6YearsExperience,"Criminal Law, Human Rights Law, Family Law",+92 300 1234567,Hassan.Raza@example.com
296,Ijaz Ahmed,4.8stars,133CasesWon,17YearsExperience,"Real Estate Law, Property Law, Construction Law",+92 321 2345678,Ijaz.Ahmed@example.com
297,Jahanzeb Khan,4.6stars,117CasesWon,12YearsExperience,"Commercial Law, Contract Law, Intellectual Property Law",+92 332 3456789,Jahanzeb.Khan@example.com
298,Kashif Ali,4.5stars,111CasesWon,5YearsExperience,"Intellectual Property Law, Patent Law, Trademark Law",+92 321 4567890,Kashif.Ali@example.com
299,Luqman Ahmed,4.4stars,91CasesWon,4YearsExperience,"Criminal Law, Civil Law, Family Law",+92 332 5678901,Luqman.Ahmed@example.com
300,Muhammad Ahmad,4.7stars,115CasesWon,2YearsExperience,"Corporate Law, Securities Law, Mergers and Acquisitions Law",+92 300 6789012,Muhammad.Ahmad@example.com
301,Nasir Ali,4.5stars,111CasesWon,17YearsExperience,"Intellectual Property Law, Patent Law, Trademark Law",+92 321 7890123,Nasir.Ali@example.com
302,Owais Ahmed,4.8stars,134CasesWon,11YearsExperience,"Real Estate Law, Property Law, Construction Law",+92 332 8901234,Owais.Ahmed@example.com
303,Qasim Ali,4.6stars,117CasesWon,8YearsExperience,"Commercial Law, Contract Law, Intellectual Property Law",+92 300 9012345,Qasim.Ali@example.com
305,Saba Ahmad,4.3stars,85CasesWon,2YearsExperience,"Criminal Law, Civil Law, Family Law",+92 332 0123456,Saba.Ahmad@example.com
306,Tahir Ali,4.7stars,114CasesWon,12YearsExperience,"Corporate Law, Securities Law, Mergers and Acquisitions Law",+92 300 1234567,Tahir.Ali@example.com
307,Umer Farooq,4.5stars,111CasesWon,10YearsExperience,"Intellectual Property Law, Patent Law, Trademark Law",+92 321 2345678,Umer.Farooq@example.com
308,Vaseem Abbas,4.8stars,132CasesWon,9YearsExperience,"Real Estate Law, Property Law, Construction Law",+92 332 3456789,Vaseem.Abbas@example.com
309,Waqar Ahmed,4.6stars,117CasesWon,10YearsExperience,"Commercial Law, Contract Law, Intellectual Property Law",+92 321 4567890,Waqar.Ahmed@example.com
310,Xara Zaidi,4.5stars,111CasesWon,11YearsExperience,"Intellectual Property Law, Patent Law, Trademark Law",+92 332 5678901,Xara.Zaidi@example.com
311,Yasir Ali,4.7stars,114CasesWon,12YearsExperience,"Criminal Law, Human Rights Law, Family Law",+92 300 6789012,Yasir.Ali@example.com
312,Zafar Iqbal,4.5stars,111CasesWon,15YearsExperience,"Intellectual Property Law, Patent Law, Trademark Law",+92 321 7890123,Zafar.Iqbal@example.com
313,Ali Imran,4.8stars,133CasesWon,11YearsExperience,"Real Estate Law, Property Law, Construction Law",+92 332 8901234,Ali.Imran@example.com
314,Bilal Ahmad,4.6stars,117CasesWon,17YearsExperience,"Commercial Law, Contract Law, Intellectual Property Law",+92 300 9012345,Bilal.Ahmad@example.com
315,Danish Khan,4.5stars,111CasesWon,9YearsExperience,"Intellectual Property Law, Patent Law, Trademark Law",+92 321 0123456,Danish.Khan@example.com
316,Ehsan Ali,4.4stars,91CasesWon,1YearsExperience,"Criminal Law, Civil Law, Family Law",+92 332 1234567,Ehsan.Ali@example.com
317,Faisal Ahmad,4.7stars,115CasesWon,19YearsExperience,"Corporate Law, Securities Law, Mergers and Acquisitions Law",+92 321 2345678,Faisal.Ahmad@example.com
318,Gohar Ali,4.5stars,111CasesWon,18YearsExperience,"Intellectual Property Law, Patent Law, Trademark Law",+92 332 3456789,Gohar.Ali@example.com
319,Hassan Ali,4.8stars,134CasesWon,3YearsExperience,"Real Estate Law, Property Law, Construction Law",+92 300 4567890,Hassan.Ali@example.com
320,Zainab Farooq,4.6stars,156CasesWon,14YearsExperience,"Corporate Law, Intellectual Property",92-333-1234567,Zainab.Farooq@example.com
321,Bilal Akbar,4.9stars,208CasesWon,3YearsExperience,"Criminal Law, Human Rights",92-300-9876543,Bilal.Akbar@example.com
322,Ayesha Munir,4.5stars,122CasesWon,3YearsExperience,"Family Law, Immigration Law",92-321-7654321,Ayesha.Munir@example.com
323,Salman Haider,4.7stars,179CasesWon,11YearsExperience,"Employment Law, Tax Law",92-333-5678901,Salman.Haider@example.com
324,Sarah Ali,4.2stars,97CasesWon,18YearsExperience,"Consumer Law, Real Estate Law",92-321-2345678,Sarah.Ali@example.com
325,Waqar Ahmad,4.8stars,223CasesWon,18YearsExperience,"Corporate Law, Intellectual Property",92-300-8765432,Waqar.Ahmad@example.com
326,Zara Shahid,4.4stars,138CasesWon,14YearsExperience,"Criminal Law, Human Rights",92-321-3456789,Zara.Shahid@example.com
327,Hassan Raza,4.5stars,147CasesWon,18YearsExperience,"Family Law, Immigration Law",92-333-2345678,Hassan.Raza@example.com
328,Sana Khalid,4.6stars,165CasesWon,7YearsExperience,"Employment Law, Tax Law",92-300-8765432,Sana.Khalid@example.com
329,Usman Ali,4.3stars,105CasesWon,6YearsExperience,"Consumer Law, Real Estate Law",92-321-5678901,Usman.Ali@example.com
330,Hamza Ahmed,4.9stars,197CasesWon,8YearsExperience,"Corporate Law, Intellectual Property",92-333-3456789,Hamza.Ahmed@example.com
331,Rida Khan,4.6stars,158CasesWon,19YearsExperience,"Criminal Law, Human Rights",92-300-2345678,Rida.Khan@example.com
332,Fahad Ali,4.2stars,93CasesWon,1YearsExperience,"Family Law, Immigration Law",92-321-8765432,Fahad.Ali@example.com
333,Fatima Raza,4.8stars,215CasesWon,9YearsExperience,"Employment Law, Tax Law",92-333-5678901,Fatima.Raza@example.com
334,Sara Tariq,4.5stars,131CasesWon,12YearsExperience,"Consumer Law, Real Estate Law",92-300-2345678,Sara.Tariq@example.com
335,Rameez Ahmed,4.7stars,182CasesWon,5YearsExperience,"Corporate Law, Intellectual Property",92-321-5678901,Rameez.Ahmed@example.com
336,Anam Khan,4.4stars,141CasesWon,8YearsExperience,"Criminal Law, Human Rights",92-333-2345678,Anam.Khan@example.com
337,Asif Ali,2.0stars,5CasesWon,17YearsExperience,"Criminal, Civil",+92 333 1234567,Asif.Ali@example.com
338,Maria Khan,2.5stars,3CasesWon,18YearsExperience,"Family, Property",+92 321 2345678,Maria.Khan@example.com
339,Ali Hassan,1.5stars,2CasesWon,16YearsExperience,"Criminal, Labour",+92 301 3456789,Ali.Hassan@example.com
340,Nida Javed,2.0stars,4CasesWon,18YearsExperience,"Civil, Taxation",+92 300 4567890,Nida.Javed@example.com
341,Faizan Ahmed,1.0stars,1CasesWon,16YearsExperience,"Criminal, Family",+92 322 5678901,Faizan.Ahmed@example.com
342,Aisha Imran,2.5stars,6CasesWon,13YearsExperience,"Property, Labour",+92 333 6789012,Aisha.Imran@example.com
343,Salman Ali,1.0stars,2CasesWon,12YearsExperience,"Criminal, Civil",+92 321 7890123,Salman.Ali@example.com
344,Sara Khan,2.0stars,3CasesWon,9YearsExperience,"Family, Property",+92 300 8901234,Sara.Khan@example.com
345,Hassan Raza,1.5stars,1CasesWon,19YearsExperience,"Labour, Taxation",+92 321 9012345,Hassan.Raza@example.com
346,Anam Iqbal,2.0stars,4CasesWon,13YearsExperience,"Civil, Criminal",+92 333 0123456,Anam.Iqbal@example.com
347,Imran Ali,2.5stars,5CasesWon,3YearsExperience,"Labour, Property",+92 311 1234567,Imran.Ali@example.com
348,Sana Ahmed,1.5stars,2CasesWon,5YearsExperience,"Family, Criminal",+92 300 2345678,Sana.Ahmed@example.com
349,Qasim Hussain,1.0stars,1CasesWon,13YearsExperience,"Criminal, Labour",+92 333 3456789,Qasim.Hussain@example.com
350,Hina Khan,2.0stars,4CasesWon,8YearsExperience,"Taxation, Civil",+92 321 4567890,Hina.Khan@example.com
351,Usman Ali,1.0stars,2CasesWon,3YearsExperience,"Criminal, Family",+92 333 5678901,Usman.Ali@example.com
352,Farhan Ahmed,2.5stars,6CasesWon,18YearsExperience,"Property, Labour",+92 321 6789012,Farhan.Ahmed@example.com
353,Ayesha Raza,1.0stars,2CasesWon,9YearsExperience,"Criminal, Civil",+92 311 7890123,Ayesha.Raza@example.com
354,Bilal Khan,2.0stars,3CasesWon,3YearsExperience,"Property, Family",+92 300 8901234,Bilal.Khan@example.com
355,Amina Farooq,3.1stars,6CasesWon,12YearsExperience,"Immigration Law, Criminal Law",+92 312 345678,Amina.Farooq@example.com
356,Aziz Ahmed,2.4stars,4CasesWon,17YearsExperience,"Corporate Law, Tax Law",+92 321 987654,Aziz.Ahmed@example.com
357,Nida Mahmood,2.7stars,5CasesWon,11YearsExperience,"Employment Law, Family Law",+92 333 123456,Nida.Mahmood@example.com
358,Hamza Ali,1.9stars,3CasesWon,15YearsExperience,"Civil Law, Environmental Law",+92 311 456789,Hamza.Ali@example.com
359,Sadia Nadeem,2.2stars,2CasesWon,1YearsExperience,"Intellectual Property Law, Tax Law",+92 300 234567,Sadia.Nadeem@example.com
360,Waqar Khan,1.5stars,1CasesWon,8YearsExperience,"Criminal Law, Family Law",+92 345 678901,Waqar.Khan@example.com
361,Khadija Hussain,2.3stars,3CasesWon,11YearsExperience,"Immigration Law, Employment Law",+92 332 345678,Khadija.Hussain@example.com
362,Imran Qureshi,2.1stars,4CasesWon,12YearsExperience,"Corporate Law, Tax Law",+92 321 789012,Imran.Qureshi@example.com
363,Rabia Akhtar,1.8stars,2CasesWon,9YearsExperience,"Environmental Law, Intellectual Property Law",+92 333 456789,Rabia.Akhtar@example.com
364,Hassan Ali,2.6stars,4CasesWon,6YearsExperience,"Family Law, Criminal Law",+92 312 345678,Hassan.Ali@example.com
365,Maryam Aslam,1.7stars,1CasesWon,12YearsExperience,"Tax Law, Environmental Law",+92 300 789012,Maryam.Aslam@example.com
366,Farhan Malik,2.2stars,3CasesWon,12YearsExperience,"Employment Law, Civil Law",+92 345 234567,Farhan.Malik@example.com
367,Ayesha Khalid,2.3stars,4CasesWon,17YearsExperience,"Immigration Law, Environmental Law",+92 332 345678,Ayesha.Khalid@example.com
368,Aliya Khan,1.6stars,2CasesWon,11YearsExperience,"Intellectual Property Law, Tax Law",+92 331 678901,Aliya.Khan@example.com
369,Ahmad Shah,2.0stars,3CasesWon,14YearsExperience,"Corporate Law, Criminal Law",+92 321 123456,Ahmad.Shah@example.com
370,Sana Ahmed,1.9stars,1CasesWon,9YearsExperience,"Family Law, Employment Law",+92 300 567890,Sana.Ahmed@example.com
371,Rizwan Khan,2.4stars,4CasesWon,7YearsExperience,"Tax Law, Intellectual Property Law",+92 333 234567,Rizwan.Khan@example.com
372,Nadia Asad,1.7stars,2CasesWon,12YearsExperience,"Environmental Law, Civil Law",+92 311 789012,Nadia.Asad@example.com
373,Ayesha Arif,3.2stars,6CasesWon,6YearsExperience,"Corporate Law, Intellectual Property Law",+92 321 345678,Ayesha.Arif@example.com
374,Saad Ali,2.5stars,4CasesWon,10YearsExperience,"Immigration Law, Criminal Law",+92 333 456789,Saad.Ali@example.com
375,Uzma Khan,2.8stars,5CasesWon,1YearsExperience,"Employment Law, Tax Law",+92 312 789012,Uzma.Khan@example.com
376,Saima Hassan,1.9stars,3CasesWon,1YearsExperience,"Family Law, Environmental Law",+92 345 234567,Saima.Hassan@example.com
377,Ali Ahmed,2.2stars,2CasesWon,5YearsExperience,"Tax Law, Criminal Law",+92 311 567890,Ali.Ahmed@example.com
378,Sanaullah Khan,1.5stars,1CasesWon,12YearsExperience,"Civil Law, Environmental Law",+92 331 234567,Sanaullah.Khan@example.com
379,Salma Akram,2.3stars,3CasesWon,6YearsExperience,"Employment Law, Corporate Law",+92 332 789012,Salma.Akram@example.com
380,Irfan Ali,2.1stars,4CasesWon,17YearsExperience,"Intellectual Property Law, Tax Law",+92 345 345678,Irfan.Ali@example.com
381,Imran Yousaf,1.8stars,2CasesWon,10YearsExperience,"Environmental Law, Criminal Law",+92 333 567890,Imran.Yousaf@example.com
382,Shumaila Khan,2.6stars,4CasesWon,2YearsExperience,"Family Law, Immigration Law",+92 300 789012,Shumaila.Khan@example.com
383,Ahmed Ali,1.7stars,1CasesWon,7YearsExperience,"Tax Law, Corporate Law",+92 312 234567,Ahmed.Ali@example.com
384,Hira Qureshi,2.2stars,3CasesWon,11YearsExperience,"Employment Law, Criminal Law",+92 321 567890,Hira.Qureshi@example.com
385,Umer Farooq,2.3stars,4CasesWon,18YearsExperience,"Corporate Law, Tax Law",+92 345 123456,Umer.Farooq@example.com
386,Fatima Shah,1.6stars,2CasesWon,6YearsExperience,"Intellectual Property Law, Environmental Law",+92 311 456789,Fatima.Shah@example.com
387,Asad Ali,2.0stars,3CasesWon,18YearsExperience,"Criminal Law, Civil Law",+92 332 789012,Asad.Ali@example.com
388,Sana Khan,1.9stars,1CasesWon,8YearsExperience,"Employment Law, Family Law",+92 331 234567,Sana.Khan@example.com
389,Hasan Ahmed,2.4stars,4CasesWon,8YearsExperience,"Tax Law, Intellectual Property Law",+92 333 789012,Hasan.Ahmed@example.com
390,Ayesha Khan,4.2stars,245CasesWon,8YearsExperience,"Criminal Law, Family Law",+92 300 123456,Ayesha.Khan@example.com
391,Usman Ahmed,3.9stars,162CasesWon,4YearsExperience,"Corporate Law, Tax Law",+92 321 234567,Usman.Ahmed@example.com
392,Asma Malik,3.5stars,92CasesWon,19YearsExperience,"Employment Law, Civil Law",+92 333 345678,Asma.Malik@example.com
393,Naveed Khan,4.0stars,185CasesWon,2YearsExperience,"Immigration Law, Environmental Law",+92 312 456789,Naveed.Khan@example.com
394,Samina Ali,4.4stars,312CasesWon,1YearsExperience,"Intellectual Property Law, Tax Law",+92 300 567890,Samina.Ali@example.com
395,Farhan Shah,3.2stars,68CasesWon,5YearsExperience,"Criminal Law, Employment Law",+92 331 678901,Farhan.Shah@example.com
396,Sara Ahmed,4.1stars,208CasesWon,1YearsExperience,"Family Law, Environmental Law",+92 332 789012,Sara.Ahmed@example.com
397,Ahmed Khan,3.6stars,116CasesWon,10YearsExperience,"Corporate Law, Intellectual Property Law",+92 300 890123,Ahmed.Khan@example.com
398,Saba Malik,3.3stars,76CasesWon,5YearsExperience,"Tax Law, Civil Law",+92 311 901234,Saba.Malik@example.com
399,Faizan Ali,4.3stars,278CasesWon,1YearsExperience,"Environmental Law, Family Law",+92 333 012345,Faizan.Ali@example.com
400,Ayesha Siddiqui,3.8stars,144CasesWon,18YearsExperience,"Employment Law, Immigration Law",+92 345 123456,Ayesha.Siddiqui@example.com
401,Hamza Akhtar,4.0stars,182CasesWon,17YearsExperience,"Corporate Law, Tax Law",+92 321 234567,Hamza.Akhtar@example.com
402,Saima Ali,4.5stars,337CasesWon,6YearsExperience,"Intellectual Property Law, Criminal Law",+92 300 345678,Saima.Ali@example.com
403,Imran Khan,3.4stars,84CasesWon,14YearsExperience,"Civil Law, Tax Law",+92 312 456789,Imran.Khan@example.com
404,Hira Ahmed,3.7stars,126CasesWon,13YearsExperience,"Employment Law, Family Law",+92 333 567890,Hira.Ahmed@example.com
405,Zainab Khan,4.2stars,252CasesWon,10YearsExperience,"Environmental Law, Corporate Law",+92 332 678901,Zainab.Khan@example.com
406,Ali Raza,3.1stars,58CasesWon,19YearsExperience,"Criminal Law, Family Law",+92 300 789012,Ali.Raza@example.com
